show_id,title,type,director,cast,country,date_added,release_year,rating,duration,genre
s1,Hope themselves,Movie,Jose Lawrence,"Steven Lewis, Sarah Vaughn, Daniel Collier, Robert Olsen",Japan,2024-05-29,1997,TV-MA,122 min,Animation
s2,Land author,Movie,Judy Curry,"Christopher Rios, John Willis, Denise Lawson, Hannah Neal",Germany,2022-12-16,2011,PG,114 min,Action
s3,City technology actually art,Movie,Zachary Pena,"David Cline, Jennifer Foley",Australia,2025-01-22,1996,TV-PG,87 min,Sci-Fi
s4,Hundred growth modern,Movie,Ricky Ross,"Theresa Cortez, Anne Booth",United Kingdom,2024-03-16,2011,NC-17,112 min,Drama
s5,System hand,TV Show,Rachel Martinez,"Jennifer Bartlett, Kim Anderson",Spain,2024-04-26,2006,PG,5 Seasons,Romance
s6,Training wait for,TV Show,Austin Schaefer,"Sean Campos, Nathan Wilson, Christine Lee, Aaron Carpenter",Australia,2022-12-22,2008,TV-MA,1 Seasons,Horror
s7,Season,Movie,Frank Bishop,"Jared Franco, Julia Boyle",Spain,2022-03-11,2017,TV-PG,114 min,Drama
s8,Pull great,Movie,Olivia Clements,"Claudia Mcdonald, Gail Thompson, Vincent Flynn, David Burton",India,2021-05-04,2005,TV-PG,121 min,Action
s9,Simply west themselves rock,TV Show,Ronald Gibson,"Dylan Alexander, James Robertson, Ann Bonilla",United Kingdom,2023-01-17,2013,NC-17,6 Seasons,Documentary
s10,Reduce class,Movie,Carolyn Chapman,"Eileen Davis, Christopher Ruiz, Denise Benjamin",France,2021-08-20,2012,R,171 min,Comedy
s11,Part always,Movie,Amanda Myers,"Ana Vasquez, Patrick Alexander",United States,2024-02-23,2013,TV-MA,88 min,Horror
s12,Girl,Movie,John Smith,"Natalie Juarez, Michael Hayes",United States,2023-09-02,2000,TV-MA,103 min,Romance
s13,Cause win,Movie,Daniel Dawson,"Dustin Craig, Chad Medina",India,2024-09-21,2007,R,116 min,Romance
s14,Treatment partner bar,Movie,Alfred Davis,"Emily Diaz, Candace Smith, Austin Wallace, Jeffery Kelley",Japan,2022-07-05,2018,NC-17,71 min,Animation
s15,Join deep others,TV Show,Sarah Alvarez,"Christine Mccormick, Thomas Johnson",India,2025-03-17,2010,NC-17,2 Seasons,Romance
s16,Month same right,Movie,Daniel Gomez,"Elizabeth Nixon, Steven Mayer",France,2021-04-19,1999,TV-PG,176 min,Sci-Fi
s17,Though artist true,TV Show,Bobby Weaver,"Ronald Todd, Katherine Mclaughlin, Micheal Pierce, Joseph Cardenas",Germany,2021-06-05,1997,G,6 Seasons,Action
s18,Away still value onto,Movie,Valerie Long,"Dillon Rivera, Cathy Nunez, Shawn Cannon",Australia,2021-01-17,2022,TV-MA,179 min,Comedy
s19,Check receive perform,TV Show,Jenna Ward PhD,"Karen Scott, George Harrell, Vanessa Ramirez, Jessica Hoffman",France,2024-05-06,2013,TV-14,3 Seasons,Comedy
s20,Traditional better,TV Show,Sarah Huynh,"David Washington, Nicholas Atkinson, Andrea Mcpherson",Germany,2021-05-02,1996,TV-PG,3 Seasons,Action
s21,Suddenly score,Movie,Brian Bell,"April Hernandez, Russell Baker, Melanie Stanton DDS",Japan,2021-11-03,2009,PG,66 min,Action
s22,Family television,Movie,Susan Moore,"Gabrielle Green, Kathryn Coleman",Australia,2023-08-18,2006,TV-14,81 min,Romance
s23,Easy citizen point,TV Show,Jean Brown,"Henry Carter, Jennifer Peterson, Bryan Anderson",United States,2024-10-08,2018,R,4 Seasons,Romance
s24,Not within,Movie,Sarah Young,"Nicole Tanner, Stephanie Dennis, Mark Kennedy",Spain,2024-08-18,2020,G,77 min,Documentary
s25,Mention himself picture,Movie,Jennifer Mathews,"Christian Moran, Jessica Wright",Australia,2021-04-16,2006,TV-14,148 min,Action
s26,Several difference,TV Show,Angela Wall,"Margaret Smith, Christopher Alvarado",Japan,2023-09-09,2015,PG,2 Seasons,Action
s27,Effort seem middle manager,Movie,Scott Lewis,"Raymond Black, Susan Diaz, Pamela Willis, Alicia Randolph",United States,2021-11-19,2020,TV-14,109 min,Comedy
s28,Remember change what,Movie,Eric Solis,"Curtis Garcia, Lisa Ali",Spain,2023-05-13,2010,TV-MA,155 min,Animation
s29,Page unit,Movie,Laura Crawford,"Janice Caldwell, Cameron Michael, Tracy Mann, Kimberly Jackson",Germany,2020-11-09,1996,R,70 min,Action
s30,Number,Movie,John Nguyen,"James Liu, Kara Spears, Natalie Bennett",Germany,2024-06-01,2014,R,160 min,Animation
s31,Win side,TV Show,Nancy Everett,"Mark Fritz, Vanessa Hancock, Kyle Guzman",Canada,2023-07-29,2003,TV-PG,4 Seasons,Animation
s32,Would statement,Movie,Rita Adams,"Eric Sullivan, Douglas Malone, Zachary Greene, Pamela Sanders",Canada,2023-11-05,2020,TV-14,179 min,Horror
s33,Nearly quickly most still,TV Show,Connie Miller,"Timothy Moran, Evan Wagner, Mr. Bryce Mccall MD, Brianna Ellis",United States,2021-06-16,2005,TV-PG,2 Seasons,Action
s34,Property media training,TV Show,Barbara Russell,"Joseph Evans, David Evans",Spain,2024-06-10,2006,NC-17,6 Seasons,Action
s35,Free west,TV Show,Richard Davidson DDS,"Ethan Mooney, Andrew Collins, Hannah Lopez, Robert Hall",France,2023-03-15,2013,NC-17,2 Seasons,Thriller
s36,Quite ready modern,TV Show,Charles Robertson,"Frederick Jackson, Brooke Harvey, Sabrina Dillon, Mr. Robert Klein",France,2021-04-28,2003,G,3 Seasons,Drama
s37,Television class,TV Show,Gregory Jones,"David Walker, Pamela Hester, Wendy Hanson",Spain,2024-11-21,2014,NC-17,5 Seasons,Documentary
s38,Section sport,Movie,Ashley Richmond,"Emily Jackson, Kevin Knapp, William Velasquez, Nicole Martin",Australia,2024-10-25,2010,PG,150 min,Horror
s39,Relate worry,Movie,Christopher Boyd,"Christine Chavez, Jonathan Whitney",France,2022-12-31,2008,PG,122 min,Drama
s40,Commercial must sell,TV Show,Eric Cochran,"Collin Taylor, Karen Moyer",Germany,2021-11-12,2000,G,1 Seasons,Romance
s41,Sense write year,TV Show,Natalie Lopez,"Brittany Gray, Jose White",India,2023-10-25,2004,TV-PG,5 Seasons,Thriller
s42,Specific once,TV Show,Michelle Fleming,"Michael Palmer, Matthew Solis, Laura Collins, John Tyler",Spain,2022-12-02,2011,TV-14,1 Seasons,Animation
s43,Dog mention,Movie,Brian Atkinson,"Robert Fisher, Amy Mejia, Robert Mcdaniel",Spain,2023-09-12,2002,G,126 min,Documentary
s44,Season cover,TV Show,Amanda Turner,"Jeremiah Frost, Amanda Ray, Kenneth Richardson",Spain,2022-01-14,2014,PG,5 Seasons,Horror
s45,Be choice suddenly,TV Show,Rodney Williams,"Noah Miles, Kimberly Blair",United Kingdom,2021-06-08,2000,PG,3 Seasons,Action
s46,Store enough develop,Movie,Richard Fitzgerald,"Alison Sawyer, Bonnie Hunter, Jonathon Parks DDS, Heather Hammond",Spain,2020-11-23,2019,TV-PG,67 min,Horror
s47,Mrs store my investment,Movie,Sheila Ryan,"Tracy Crosby, Heather Yoder, Dave Williams, Robert Willis",Australia,2022-08-15,2015,TV-PG,119 min,Drama
s48,Term use friend,TV Show,Alicia Graham,"Alexandra Wheeler, Miranda Ayala",France,2024-04-03,2020,TV-14,3 Seasons,Romance
s49,Approach treat pass,Movie,Gloria Henson,"Stephanie Brown, Heather Whitaker, Michelle Wagner, David Silva",Germany,2024-03-18,2000,PG,60 min,Sci-Fi
s50,Long someone computer,TV Show,Brittany Parker,"Heather Stephens, Kerry Evans",United Kingdom,2023-08-10,1996,PG,5 Seasons,Horror
s51,Growth door next,TV Show,Michael Brown,"Sarah Stanley, Jose Olson",Japan,2023-08-05,2009,NC-17,3 Seasons,Drama
s52,Someone same guy,Movie,Anthony Jarvis,"Emily Bentley, Jennifer Andrade, Heather Hamilton, Darrell Harris",Spain,2021-01-10,1999,TV-14,108 min,Drama
s53,Somebody hot,Movie,Theresa Burke,"James Velasquez, Richard Grimes",Germany,2025-06-12,2019,R,123 min,Comedy
s54,Common listen various,TV Show,Benjamin Harmon,"Desiree Le, Raymond Lopez, Nathaniel Price, Timothy Hale",Australia,2020-12-22,2007,PG,2 Seasons,Animation
s55,Specific either language,TV Show,Renee Burns,"Lisa Torres, Christian Hunter, Cassie Thomas",Australia,2024-02-10,2015,PG,3 Seasons,Drama
s56,Or rise news condition,TV Show,Emily Hughes,"Ashley Perkins, Robert Johnson",Spain,2024-02-14,2009,R,4 Seasons,Horror
s57,Floor call,TV Show,Alexander Silva,"Charles Smith, Sabrina Mendez, Thomas Rivers, Trevor Mccall",India,2023-08-07,2019,TV-14,1 Seasons,Action
s58,Issue finish,Movie,Joseph Young,"Chelsea Hammond MD, Travis Little, Michael Davis Jr., Selena Bolton",India,2021-11-01,2022,NC-17,83 min,Sci-Fi
s59,Operation husband tell,TV Show,David Powell,"Tony Bowers, Cynthia Reynolds, Rhonda Murillo",Australia,2024-11-12,2018,R,4 Seasons,Thriller
s60,Between reach his,Movie,Madison Thomas,"Nicholas Wiggins, Sherri Moreno",United Kingdom,2022-06-19,2006,G,87 min,Thriller
s61,Others million only,TV Show,Andre Jones,"Juan Jackson, Christopher Clarke, Briana Lang, Brandon Glover",Germany,2024-02-10,2007,PG,6 Seasons,Drama
s62,Decade area know,TV Show,Susan Ramirez,"Jennifer Moore, Shaun Atkins, Jessica Browning, Linda Sutton",United Kingdom,2024-06-20,2011,PG,3 Seasons,Sci-Fi
s63,Hot join data,TV Show,Walter Rodriguez,"Vanessa Krueger, Justin Salas, James Garza",United Kingdom,2024-04-21,1998,TV-PG,4 Seasons,Horror
s64,Protect better ask,Movie,Miss Kristi Taylor,"Paige Nelson, April Pham",Japan,2023-12-26,2021,PG,161 min,Romance
s65,Read recognize respond,Movie,Phillip Hart,"John Cortez, Lori Bates, Jennifer Gonzales",Australia,2020-07-23,2014,NC-17,156 min,Thriller
s66,Cultural husband,TV Show,Cassandra Haney,"Jill Johnson, Rebecca Parker, Rachel Nguyen",India,2022-10-20,2016,TV-MA,2 Seasons,Documentary
s67,Sell wall,Movie,Christopher Mcdaniel,"Margaret Frederick, Sarah Martinez, Michael Schaefer, Jasmine Wallace",Canada,2025-01-06,2000,NC-17,127 min,Animation
s68,Better during north,TV Show,Ashley Simon,"James Hayes, Matthew Brown, Olivia Rogers, Lindsey Jackson",United Kingdom,2024-12-04,2014,TV-MA,6 Seasons,Sci-Fi
s69,Technology analysis,TV Show,Jason George,"Daniel Campbell, Jordan Williams, Alexander Edwards",Japan,2020-11-22,2001,NC-17,4 Seasons,Comedy
s70,City sure,TV Show,Stacey Cruz,"Brad Berger, Heather Sparks, Leslie Aguirre",United Kingdom,2023-08-08,2010,R,2 Seasons,Horror
s71,Summer very term,TV Show,Jacob Tucker,"Sara Hayden, Ryan Fowler, Jeffery Dominguez",India,2023-01-01,2019,R,6 Seasons,Romance
s72,Quite that cold,Movie,Patricia Lewis,"Nicolas Bautista, Mario Sanford, Rachel Foster",Canada,2020-08-27,2007,PG,134 min,Action
s73,The price,Movie,Donald Wade,"Dana Wallace, Alicia Park, Thomas Cox, Tracy Williams",France,2025-05-30,2009,G,63 min,Documentary
s74,Six only,Movie,Darius Anderson,"Brian Wilson, Christopher Jimenez",Germany,2021-11-18,2003,TV-PG,122 min,Thriller
s75,Entire far describe,Movie,Charles Roberts,"Andrew Garcia, Mr. Andrew Miller, Rebecca Dunn, Kim Nguyen",Australia,2021-01-18,2010,G,71 min,Action
s76,Laugh door,TV Show,Amanda Coleman,"Hannah Rodriguez DVM, Jennifer Holmes, Deborah Golden",United Kingdom,2022-05-03,2019,NC-17,5 Seasons,Comedy
s77,Any fight,TV Show,Tyler James,"Jessica Shelton, Kevin Bray, Emma Boyd",France,2022-04-02,2014,NC-17,5 Seasons,Thriller
s78,Wonder buy network,Movie,Deanna Horne,"Janet Diaz, Catherine Flynn, Paul Johnson, Brent Smith",United Kingdom,2023-12-12,1996,NC-17,69 min,Comedy
s79,Wonder six key their,TV Show,Jacob Hartman,"Kevin Griffin, Patricia Hobbs",India,2023-02-17,2007,TV-MA,6 Seasons,Comedy
s80,Staff usually,TV Show,Mr. Thomas Stevens Jr.,"Dawn Shaffer, Miranda Smith, Joanna Rodriguez, Melissa Kline",Australia,2024-05-26,1999,PG,3 Seasons,Drama
s81,Simple lay total,Movie,Robert Matthews,"Mitchell Stout, Adam Williams",Germany,2022-04-16,2000,TV-PG,67 min,Sci-Fi
s82,Majority he house may,Movie,Mrs. Donna Cortez,"Isaac Cooke, Mario Wilson, Sharon Gonzales, David Bell",Germany,2022-03-11,2005,PG,86 min,Documentary
s83,However know boy,Movie,Jessica Thomas,"Frank Carson, John Charles, Michael Adams",Australia,2025-06-21,2014,NC-17,104 min,Sci-Fi
s84,Claim sit culture,Movie,James Oconnell,"Andrew Wiggins, Stephanie Jones",Spain,2022-06-08,1998,R,134 min,Sci-Fi
s85,Blue risk who,TV Show,Kevin Villanueva,"Madison Mora, Claudia Wilson, Eric Ramirez",Australia,2025-04-27,2005,R,3 Seasons,Action
s86,Between budget,TV Show,Dennis Henderson,"Barbara Berry, Charles Levine, Erica Harrison",France,2025-02-04,2010,NC-17,5 Seasons,Horror
s87,Certain mention,TV Show,Vickie Beard,"Craig Wiggins, Douglas Brown, Paula Reyes, Jerry Espinoza",Germany,2022-07-24,2019,TV-MA,4 Seasons,Thriller
s88,Move final body,TV Show,Richard Thompson,"Jasmine Carson, Leonard Aguirre, David Ortiz",India,2023-10-04,2006,G,1 Seasons,Action
s89,Oil move,Movie,Latoya Jackson,"Amy Jimenez MD, Jennifer Crawford, Cynthia Hill",United Kingdom,2023-06-07,2007,TV-14,74 min,Sci-Fi
s90,Day far,TV Show,Patrick Clark,"Thomas Lopez, Jason Cook, Belinda Cisneros",United States,2023-12-12,2001,TV-PG,3 Seasons,Action
s91,Finally practice total,TV Show,Jennifer Anderson,"Michelle Carter, Jessica Perez, Charlotte Thomas, Wesley Shelton",Canada,2024-08-13,2022,NC-17,3 Seasons,Documentary
s92,Tv ago,TV Show,Melissa Butler,"Brandon Little, Devin Johnson",France,2022-09-22,1998,TV-14,6 Seasons,Thriller
s93,Too model,TV Show,Amy Fernandez,"Noah Stewart, Jennifer Sims, Ms. Jillian Mitchell DDS, James Harris",Spain,2021-12-23,2004,G,1 Seasons,Animation
s94,Wrong whose,Movie,Richard Brown,"Jonathan Newton, Mark Smith, Dennis Black, Allison Archer",Germany,2023-07-04,2006,TV-14,86 min,Animation
s95,Pm Republican,Movie,Jessica Scott,"Rebekah Bradley, Amanda Smith",France,2022-12-15,2020,TV-PG,75 min,Drama
s96,Artist citizen pick,Movie,Michael Zuniga,"Jamie Chavez, Keith Gutierrez DDS, Matthew Rush",United Kingdom,2021-10-28,2000,G,148 min,Horror
s97,Door day couple,TV Show,Robert Miranda,"Amy Osborne DDS, Lawrence Berry, Daniel Sutton, Dennis Mccarthy",United Kingdom,2025-02-08,2017,PG,2 Seasons,Drama
s98,Fund class,TV Show,Jessica York,"Carol Hart, Thomas Duncan, Edward Johnson, Briana Guzman",United Kingdom,2025-02-28,2021,PG,2 Seasons,Animation
s99,Inside reality system,Movie,Kristen Sanchez,"Jennifer Smith, Christopher Dennis, Justin Foster, Randall Wilson",Japan,2024-12-10,2009,R,122 min,Sci-Fi
s100,Individual,TV Show,Dale King,"Shelley Todd, Lauren Mathis",India,2021-02-17,2000,R,6 Seasons,Sci-Fi
s101,Until agreement do,Movie,Matthew Reyes,"Mary Bowman, Justin Williams, Jacob Williams",United States,2022-06-24,2003,G,149 min,Romance
s102,Stuff book especially,TV Show,Connie Carlson,"Dalton Allen, Daniel Perkins, Anthony Rivera",United States,2024-12-13,2005,TV-14,5 Seasons,Animation
s103,Chance great property,TV Show,Tiffany Lane,"Patricia Pollard, Cheyenne Moore",Australia,2024-06-25,2017,R,2 Seasons,Thriller
s104,Plant view because,Movie,Christopher Li,"Jennifer Rice, Steven Jones, Jillian Briggs, Charles Velasquez",Germany,2025-05-28,2003,TV-PG,160 min,Documentary
s105,Tonight writer,TV Show,Amanda Watson,"Jesse Barrett, Scott Williams, Nathaniel Walker, Jessica Wagner",United States,2024-08-30,2014,G,1 Seasons,Drama
s106,Officer those music,Movie,Lucas Davis,"Rachel Moore, Mckenzie Patel, Cindy Hughes",United Kingdom,2025-01-03,2005,TV-MA,142 min,Thriller
s107,Exactly history,Movie,James Joyce,"Yolanda Perry, Reginald Jackson",Australia,2025-01-27,2014,TV-PG,155 min,Horror
s108,Black range,TV Show,Tara Arroyo,"Jillian Martinez, Evan Lopez, Sharon Owens",Germany,2022-12-25,1996,TV-14,4 Seasons,Romance
s109,Investment try,Movie,Cheyenne Mcintyre,"Robert Hansen, Matthew Rodriguez, Kenneth Hart",India,2020-10-31,2001,NC-17,83 min,Romance
s110,Commercial after,Movie,Brian Johnston,"Katherine Barrett, Gabrielle Gardner",India,2024-03-23,2023,G,119 min,Drama
s111,American,TV Show,Christopher Hall,"Kathleen Marquez, Brandon Cowan",India,2024-02-11,2004,TV-PG,3 Seasons,Thriller
s112,Mind building,TV Show,Natalie Sanchez,"Lisa Friedman, Todd Andersen",Canada,2022-11-07,2006,NC-17,3 Seasons,Sci-Fi
s113,Thank wrong,Movie,David Rose,"Daniel Mcguire, Madeline Cowan",France,2023-09-09,2002,PG,167 min,Comedy
s114,Herself tonight make,TV Show,Charles Mendoza,"Amber Ortega, Shannon Williams, David Lucas",India,2022-12-26,2006,G,3 Seasons,Romance
s115,Window order,Movie,James Wilson,"Edwin Carter, Gary Davis, Scott Norton, Jeremy Gordon",India,2023-01-10,2021,TV-14,86 min,Romance
s116,Everything you small,Movie,Jeremy Valdez,"Sherri Ray, Sarah Chang, Cheryl Kirby, Michelle Brown",Canada,2024-07-18,2003,TV-MA,118 min,Sci-Fi
s117,Employee skill,Movie,Jasmine Young,"Alexander Burns, James Zamora",Australia,2021-01-22,1998,G,160 min,Sci-Fi
s118,Figure mission,Movie,Cheryl Roberts,"Nicholas Johnson, Darrell Smith, Diane Thornton",United States,2020-08-26,2017,R,159 min,Comedy
s119,Produce become response,TV Show,Matthew Davidson,"Sheila Harrington, Willie Rodriguez, Jill Wilson",United States,2024-07-05,2010,G,5 Seasons,Horror
s120,News public,TV Show,Kathleen Scott,"Casey Calderon, Kathy Krueger",United Kingdom,2024-05-22,2007,TV-PG,1 Seasons,Sci-Fi
s121,Prepare him wide,TV Show,Elizabeth Ward DDS,"Ruth Johnson, Seth Le",Australia,2023-07-26,1995,TV-14,5 Seasons,Thriller
s122,Art,TV Show,Erika Wilson,"Aaron Ritter, James Rios, Shelby Payne, Jean Robinson",Australia,2020-09-27,2001,TV-MA,1 Seasons,Animation
s123,Spring film,TV Show,Miranda Rocha,"Michelle Larson, John Rivera, Kathryn Harris, Heather Li",Japan,2021-11-18,2020,TV-14,2 Seasons,Animation
s124,You never raise would,Movie,Christine Norris,"Anthony Clayton, Leah Cannon, Curtis Guerrero",Japan,2024-06-12,2013,TV-14,64 min,Romance
s125,Hour surface,Movie,Stephanie Jackson,"Kari Aguilar, Megan Johnson, Lisa Hubbard, Robert Green",Germany,2021-01-20,2011,PG,110 min,Sci-Fi
s126,Perhaps very nearly,TV Show,Kristin Mullen,"Laura Lang, Alyssa Mccormick, Jeff Allen",India,2020-09-30,2017,TV-MA,5 Seasons,Drama
s127,Protect name,Movie,Jonathan Parker,"Beth Beltran, Erin Shelton, Andrew Taylor, Jamie Preston",France,2024-12-12,1997,TV-14,112 min,Thriller
s128,Even service situation,Movie,Stephanie Sanders,"Brian Crawford, Audrey Robinson",United Kingdom,2024-12-31,2002,G,79 min,Action
s129,Think give there,Movie,Shawn Jefferson,"Lori Taylor, Michelle Wilson, Derrick West",Japan,2020-12-05,2018,R,157 min,Romance
s130,Although spend red,TV Show,Keith Knapp,"Nicholas Martin, Sarah Thompson",United Kingdom,2021-10-30,2023,TV-MA,4 Seasons,Comedy
s131,Ball admit,Movie,Crystal Martin,"Angela Mitchell MD, Brandon Golden, Gina Scott",Canada,2020-11-21,2010,TV-PG,164 min,Sci-Fi
s132,Moment before,Movie,Thomas Dean,"Willie Berry, Janice Graham, Debra Armstrong, Jeremy Nelson",India,2023-07-30,2010,G,81 min,Romance
s133,Top case leg,Movie,Debbie Wright,"John Flores, Jose Hunt, Jeffery Anderson, Christina Stuart",France,2024-02-11,2018,TV-MA,137 min,Horror
s134,Speak speak check,TV Show,Paul Banks,"Virginia Morgan, John Shepherd",United States,2022-08-29,2004,PG,6 Seasons,Comedy
s135,Big lot,TV Show,Glenn Jenkins,"Tammy Smith, Samantha Gross",United Kingdom,2023-05-19,2001,NC-17,3 Seasons,Romance
s136,Cup debate cup,Movie,Sydney Jones,"Donald Warner, Kyle Hoffman, James Brown",United States,2025-03-17,2021,TV-14,94 min,Drama
s137,Company receive especially can,Movie,Andrea Hill,"Joshua Hodges, Kevin Taylor, Susan Martinez, Mike Welch",Germany,2023-03-03,2017,R,83 min,Comedy
s138,State international,Movie,Carl Stone,"Katherine Smith, Charles Savage, Jodi Baird",Germany,2024-01-29,2011,TV-PG,65 min,Sci-Fi
s139,Our could strong,TV Show,Jennifer King,"Robert Gonzalez, Donald Reeves",United States,2021-01-22,1999,TV-14,2 Seasons,Drama
s140,Father weight,Movie,Dr. Kyle Sutton,"Joy Smith, Monique Giles",Australia,2021-12-24,1999,G,146 min,Romance
s141,Necessary million politics cultural,Movie,Taylor Leach,"Shawn Stuart, Jose Duran",Canada,2022-02-14,1998,TV-14,137 min,Animation
s142,Assume some drive,TV Show,Janice Nelson,"Matthew Anderson, Eddie Hernandez, James Wright",France,2024-04-18,2004,TV-14,6 Seasons,Animation
s143,Better save side,Movie,Alexandria Nelson,"Judy Lawrence, Mark Brady",Canada,2021-04-14,2022,G,120 min,Action
s144,Practice perform,TV Show,Patrick Cabrera,"Dean Rodriguez, Stephanie Williams",Spain,2023-10-23,1995,TV-PG,5 Seasons,Sci-Fi
s145,Customer record,Movie,Julie Stevenson,"Veronica Sutton, Joseph Duran, Caleb Gonzales",France,2022-07-09,2019,R,152 min,Drama
s146,Magazine week,Movie,Alexis Mills,"Caitlyn Horton, Mark Hodge, David Sandoval, Charles Mccormick",Canada,2024-01-23,2000,NC-17,86 min,Action
s147,Special street message,Movie,Kenneth Perry,"Marc Landry MD, Heidi Davis",Spain,2021-03-12,2017,PG,152 min,Romance
s148,What record store,TV Show,Brandon Shelton,"Sabrina Frank, Jacqueline Morgan, Michael Lee, Brian Tucker",Australia,2023-08-06,2007,TV-14,4 Seasons,Drama
s149,Cut close,Movie,Robert Price,"Daniel Brown, Rebecca Norman, Gwendolyn Mclean",India,2023-07-22,2007,PG,83 min,Sci-Fi
s150,Born many parent,Movie,Tamara Brown,"Christina Olsen, Kerri Warren, Kimberly Kim, Danielle Carrillo",France,2023-09-23,2019,NC-17,91 min,Thriller
